-- phpMyAdmin SQL Dump
-- version 3.5.2.2
-- http://www.phpmyadmin.net
--
-- Servidor: 127.0.0.1
-- Tiempo de generación: 28-08-2014 a las 07:55:34
-- Versión del servidor: 5.5.27
-- Versión de PHP: 5.4.7

SET SQL_MODE="NO_AUTO_VALUE_ON_ZERO";
SET time_zone = "+00:00";


/*!40101 SET @OLD_CHARACTER_SET_CLIENT=@@CHARACTER_SET_CLIENT */;
/*!40101 SET @OLD_CHARACTER_SET_RESULTS=@@CHARACTER_SET_RESULTS */;
/*!40101 SET @OLD_COLLATION_CONNECTION=@@COLLATION_CONNECTION */;
/*!40101 SET NAMES utf8 */;

--
-- Base de datos: `taller`
--

-- --------------------------------------------------------

--
-- Estructura de tabla para la tabla `aprendiz`
--

CREATE TABLE IF NOT EXISTS `aprendiz` (
  `id_apre` varchar(20) NOT NULL,
  `nom_apre` varchar(30) DEFAULT NULL,
  `apell_apre` varchar(30) DEFAULT NULL,
  `tel_apre` int(11) DEFAULT NULL,
  `cod_ciudad` varchar(20) DEFAULT NULL,
  `cod_rh` varchar(20) DEFAULT NULL,
  `cod_tipo_id` varchar(20) DEFAULT NULL,
  `genero` varchar(15) DEFAULT NULL,
  `edad` int(11) DEFAULT NULL,
  PRIMARY KEY (`id_apre`),
  KEY `cod_ciudad` (`cod_ciudad`),
  KEY `cod_rh` (`cod_rh`),
  KEY `cod_tipo_id` (`cod_tipo_id`)
) ENGINE=InnoDB DEFAULT CHARSET=latin1;

--
-- Volcado de datos para la tabla `aprendiz`
--

INSERT INTO `aprendiz` (`id_apre`, `nom_apre`, `apell_apre`, `tel_apre`, `cod_ciudad`, `cod_rh`, `cod_tipo_id`, `genero`, `edad`) VALUES
('1010093385', 'ABRAHAM', 'CHARRY GALLEGO ', 2147483647, '56', '4', '3', 'M', 71),
('1111743952', 'ROSA AIDE', 'CUERO CAICEDO ', 2147483647, '56', '1', '1', 'F', 23),
('1112108485', 'ISIDRA', 'CAICEDO SOLIS ', 2147483647, '565', '3', '2', 'F', 45),
('1112299156', 'JOVANNY ORLANDO', 'BURITICA GUARIN ', 2147483647, '100', '5', '2', 'M', 23),
('1112621675', 'Sandra Marcela', 'Valencia Valencia', 2147483647, '1', '2', '1', 'F', 21),
('1112621791', 'Juan Manuel', 'Quintero Montemiranda', 2147483647, '1', '2', '1', 'M', 23),
('1112621792', 'Jaime Andres', 'Rangel Martinez', 2147483647, '1', '2', '1', 'M', 18),
('1112622309', 'Lina Marcela', 'Tamayo Aristizabal ', 2147483647, '1', '2', '2', 'F', 21),
('1112622805', ' Yohana Andrea', 'Uribe Hernandez', 2147483647, '1', '2', '2', 'F', 23),
('1112622891', 'Karol Dayanna', 'Rosso Fajardo', 2147483647, '1', '2', '2', 'F', 21),
('1112623039', 'Lina Marcela', 'Giraldo Henao', 2147483647, '1', '2', '2', 'F', 23),
('1112624420', 'Angela Marcela', 'Giraldo Bustamante', 2147483647, '1', '2', '1', 'F', 45),
('1114060752', 'LUIS ALFREDO', 'CAICEDO CAICEDO ', 2147483647, '67', '3', '2', 'M', 12),
('1116232627', 'ERICA JULIETH', 'GOMEZ CARDENAS ', 2147483647, '78', '2', '1', 'F', 12),
('1116233973', 'ERIKA MARIA', 'CARDONA VELEZ', 2147483647, '88', '1', '3', 'F', 17),
('1116237057', 'GIANA LISBETH', 'GALLEGO GRAJALES ', 2147483647, '78', '3', '1', 'F', 32),
('1116238466', 'CLAUDIA PATRICIA', 'BECERRA HERNANDEZ ', 2147483647, '12', '4', '3', 'F', 89),
('1116239816', 'FREDDY ALEJANDRO', 'ARENAS BORBON', 2147483647, '67', '4', '3', 'M', 23),
('1116242886', 'SALVADOR ANGULO', 'ANGULO CAICEDO', 2147483647, '2', '3', '2', 'M', 45),
('1116243459', 'LEIDY VIVIANA', 'BONILLA VALENCIA ', 2147483647, '234', '4', '2', 'F', 2),
('1116243676', 'YERLIN DAYANA', 'CUADROS FERNANDEZ', 2147483647, '56', '1', '3', 'F', 17),
('1116244788', 'MARIA DOREM', 'BATERO MONTOYA ', 2147483647, '234', '4', '3', 'F', 67),
('1116245414', ' YULI VIVIANA', 'CAICEDO ANGULO', 2147483647, '100', '5', '2', 'F', 1212),
('1116246127', 'PAOLA ANDREA', 'ANGULO TORRES', 2147483647, '45', '5', '2', 'F', 45),
('1116246391', 'SOLMERY', 'AGUDELO POSSO ', 2147483647, '2', '3', '1', 'F', 3),
('1116246730', 'ALEX MAURICIO', 'ARBELAEZ MARIN ', 2147483647, '34', '4', '2', 'M', 234),
('1116246827', 'LILIANA PATRICIA', 'CATAÑO DIAZ ', 2147483647, '125', '4', '3', 'F', 1),
('1116247439', 'MIGUEL ANGEL', 'CAICEDO CUELLAR ', 2147483647, '56', '3', '2', 'M', 12),
('1116248784', 'YESSICA ANDREA', 'AMAYA ARANGO', 2147483647, '3', '3', '2', 'F', 5),
('1116249703', 'CECILIO ADOLFO', 'GRANJA MONTAÑO ', 2147483647, '45', '2', '1', 'M', 12),
('1116251690', 'DIEGO ALEJANDRO', 'BETANCOURT OSORIO ', 2147483647, '234', '5', '3', 'M', 23),
('14797420', 'JUAN CAMILO', 'HINESTROZA CUERO ', 2147483647, '45', '2', '1', 'M', 3),
('29307724', 'CLAUDIA MILENA', 'CAICEDO CAICEDO', 2147483647, '234', '3', '2', 'F', 12),
('29760826', 'DONEY VIVIANA', 'BRAVO ', 2147483647, '101', '4', '2', 'F', 321),
('29832709', 'KELLY JOHANA', 'CARDONA VELEZ', 2147483647, '1000', '4', '3', 'F', 17),
('31097068', 'Tatiana', 'Marin Restrepo ', 2147483647, '1', '2', '2', 'F', 24),
('31791166', 'MARIA LINDELIA', 'GARCIA SALDARRIAGA ', 2147483647, '78', '2', '1', 'F', 23),
('31792237', ' MELVA YULIETH', 'GONZALES GAVIRIA', 2147483647, '45', '2', '1', 'F', 12),
('31943219', ' Nancy', 'Castaño Quintero', 2147483647, '1', '2', '1', 'F', 30),
('38791278', 'DIANA PATRICIA', 'BENAVIDES RUIZ ', 2147483647, '45', '4', '3', 'F', 34),
('38792453', 'PAOLA ANDREA', 'CAMBINDO OROBIO', 2147483647, '345', '3', '2', 'F', 45),
('38794399', 'JORGE ARMANDO', 'GOMEZ POLO ', 2147483647, '45', '2', '1', 'M', 3),
('6430366', 'JOHN JAIRO', 'ECHEVERRI PADILLA ', 2147483647, '56', '2', '1', 'M', 23),
('66712783', 'YELISABETH', 'GALLEGO GRAJALES ', 2147483647, '78', '3', '1', 'F', 56),
('66714698', 'JOHANNA', 'ANCHICO MORENO', 2147483647, '2', '3', '2', 'F', 6),
('66750458', ' Mery Margoth', 'Hernandez Velez', 2147483647, '1', '2', '2', 'F', 43),
('91050619864', 'LEIDY JOHANNA', 'CAICEDO CAICEDO ', 2147483647, '67', '3', '2', 'F', 12),
('91121715738', 'LUIS CARLOS', 'ANCHICO MORENO', 2147483647, '3', '3', '2', 'M', 23),
('92032603310', 'Diana Maria', 'Caicedo Holguin', 2147483647, '1', '1', '1', 'F', 15),
('92060565548', 'KAREN YULIETH', 'CHOACHI GALVIS ', 2147483647, '56', '1', '3', 'F', 17),
('92060971520', 'Jhon Eider', 'Galeano Arcila', 2147483647, '1', '1', '1', 'F', 15),
('92072453885', 'Gustavo Adolfo', 'Borja Ramirez', 2147483647, '1', '1', '1', 'M', 17),
('92110651688', 'JACKSON HERNEY', 'GARCIA PUERTA ', 2147483647, '78', '2', '1', 'M', 34),
('92121961115', 'Jessica Dahiana', 'Posso Roballo', 2147483647, '1', '1', '1', 'F', 15),
('92122262601', ' OSWALDO ANTONIO', 'GARZON CUBILLOS', 2147483647, '90', '2', '1', 'M', 234),
('94153916', 'NANCY', 'BONILLA MURILLO ', 2147483647, '56', '4', '4', 'F', 23),
('94274387', 'Fabian Alexander', 'Vinasco Bueno', 2147483647, '1', '2', '1', 'M', 36),
('94276844', 'Arcesio', 'Muñoz Londoño', 2147483647, '1', '2', '1', 'M', 32),
('94395083', 'DIANA CRISTINA', 'CUERO CAICEDO', 2147483647, '56', '1', '3', 'F', 17),
('94448724', 'Hernan Ilian', 'Velasquez Parra', 2147483647, '1', '2', '1', 'M', 38);

-- --------------------------------------------------------

--
-- Estructura de tabla para la tabla `causa_desercion`
--

CREATE TABLE IF NOT EXISTS `causa_desercion` (
  `cod_causa` varchar(20) NOT NULL,
  `desc_causa` varchar(40) DEFAULT NULL,
  `estado` varchar(20) DEFAULT NULL,
  PRIMARY KEY (`cod_causa`)
) ENGINE=InnoDB DEFAULT CHARSET=latin1;

--
-- Volcado de datos para la tabla `causa_desercion`
--

INSERT INTO `causa_desercion` (`cod_causa`, `desc_causa`, `estado`) VALUES
('1', 'Retiro Voluntario', 'A'),
('2', 'Bajo Rendimiento Academico', 'A'),
('3', 'Problemas Familiares', 'A'),
('4', 'Problemas Medicos', 'A'),
('5', 'Ausencia de Clases', 'A');

-- --------------------------------------------------------

--
-- Estructura de tabla para la tabla `centro`
--

CREATE TABLE IF NOT EXISTS `centro` (
  `cod_centro` varchar(20) NOT NULL,
  `desc_centro` varchar(40) DEFAULT NULL,
  `telefono` int(11) DEFAULT NULL,
  `dir` varchar(30) DEFAULT NULL,
  `cod_ciudad` varchar(20) DEFAULT NULL,
  PRIMARY KEY (`cod_centro`),
  KEY `cod_ciudad` (`cod_ciudad`)
) ENGINE=InnoDB DEFAULT CHARSET=latin1;

--
-- Volcado de datos para la tabla `centro`
--

INSERT INTO `centro` (`cod_centro`, `desc_centro`, `telefono`, `dir`, `cod_ciudad`) VALUES
('1', 'Centro de Diseño Tecnologico Industrial', 4563200, 'Salomia', '154'),
('2', 'Centro de Electricidad y Automatizacion ', 2136912, 'Salomia', '154'),
('3', 'Centro de la Construccion', 2646428, 'Santa fe', '154'),
('4', 'Centro de Gestion turismo y servicios', 3456789, 'Salomia', '154'),
('5', 'Centro de Especies Menores', 3452321, 'Tulua Via Panaroma', '1033');

-- --------------------------------------------------------

--
-- Estructura de tabla para la tabla `ciudad`
--

CREATE TABLE IF NOT EXISTS `ciudad` (
  `cod_ciudad` varchar(20) NOT NULL,
  `nom_ciudad` varchar(30) DEFAULT NULL,
  `cod_depto` varchar(20) DEFAULT NULL,
  `habitantes` int(11) DEFAULT NULL,
  PRIMARY KEY (`cod_ciudad`),
  KEY `cod_depto` (`cod_depto`)
) ENGINE=InnoDB DEFAULT CHARSET=latin1;

--
-- Volcado de datos para la tabla `ciudad`
--

INSERT INTO `ciudad` (`cod_ciudad`, `nom_ciudad`, `cod_depto`, `habitantes`) VALUES
('1', 'LA UNIÓN', '1', 50),
('10', 'AGUA DE DIOS', '10', 500),
('100', 'BELÉN DE UMBRÍA', '4', 5000),
('1000', 'TEORAMA', '8', 50000),
('1001', 'TERUEL', '9', 50050),
('1002', 'TESALIA', '10', 50100),
('1003', 'TIBACUY', '11', 50150),
('1004', 'TIBANÁ', '12', 50200),
('1005', 'TIBASOSA', '13', 50250),
('1006', 'TIBIRITA', '14', 50300),
('1007', 'TIBÚ', '15', 50350),
('1008', 'TIERRALTA', '16', 50400),
('1009', 'TIMANÁ', '17', 50450),
('101', 'BELLO', '5', 5050),
('1010', 'TIMBÍO', '18', 50500),
('1011', 'TIMBIQUÍ', '19', 50550),
('1012', 'TINJACÁ', '20', 50600),
('1013', 'TIPACOQUE', '21', 50650),
('1014', 'TIQUISIO', '22', 50700),
('1015', 'TITIRIBÍ', '23', 50750),
('1016', 'TOCA', '24', 50800),
('1017', 'TOCAIMA', '25', 50850),
('1018', 'TOCANCIPÁ', '26', 50900),
('1019', 'TOGÜÍ', '27', 50950),
('102', 'BELMIRA', '6', 5100),
('1020', 'TOLEDO', '28', 51000),
('1021', 'TOLEDO', '29', 51050),
('1022', 'TOLÚ VIEJO', '30', 51100),
('1023', 'TONA', '31', 51150),
('1024', 'TÓPAGA', '32', 51200),
('1025', 'TOPAIPÍ', '1', 51250),
('1026', 'TORIBIO', '2', 51300),
('1027', 'TORO', '3', 51350),
('1028', 'TOTA', '4', 51400),
('1029', 'TOTORÓ', '5', 51450),
('103', 'BELTRÁN', '7', 5150),
('1030', 'TRINIDAD', '6', 51500),
('1031', 'TRUJILLO', '7', 51550),
('1032', 'TUBARÁ', '8', 51600),
('1033', 'TULUÁ', '9', 51650),
('1034', 'TUMACO', '10', 51700),
('1035', 'TUNJA', '11', 51750),
('1036', 'TUNUNGUÁ', '12', 51800),
('1037', 'TÚQUERRES', '13', 51850),
('1038', 'TURBACO', '14', 51900),
('1039', 'TURBANÁ', '15', 51950),
('104', 'BERBEO', '8', 5200),
('1040', 'TURBO', '16', 52000),
('1041', 'TURMEQUÉ', '17', 52050),
('1042', 'TUTA', '18', 52100),
('1043', 'TUTAZÁ', '19', 52150),
('1044', 'UBALÁ', '20', 52200),
('1045', 'UBAQUE', '21', 52250),
('1046', 'ULLOA', '22', 52300),
('1047', 'UMBITA', '23', 52350),
('1048', 'UNE', '24', 52400),
('1049', 'UNGUÍA', '25', 52450),
('105', 'BETANIA', '9', 5250),
('1050', 'UNIÓN PANAMERICANA', '26', 52500),
('1051', 'URAMITA', '27', 52550),
('1052', 'URIBE', '28', 52600),
('1053', 'URIBIA', '29', 52650),
('1054', 'URRAO', '30', 52700),
('1055', 'URUMITA', '31', 52750),
('1056', 'USIACURÍ', '32', 52800),
('1057', 'ÚTICA', '1', 52850),
('1058', 'VALDIVIA', '2', 52900),
('1059', 'VALENCIA', '3', 52950),
('106', 'BETÉITIVA', '10', 5300),
('1060', 'VALLE DE SAN JOSÉ', '4', 53000),
('1061', 'VALLE DE SAN JUAN', '5', 53050),
('1062', 'VALLE DEL GUAMUEZ', '6', 53100),
('1063', 'VALLEDUPAR', '7', 53150),
('1064', 'VALPARAÍSO', '8', 53200),
('1065', 'VALPARAÍSO', '9', 53250),
('1066', 'VEGACHÍ', '10', 53300),
('1067', 'VÉLEZ', '11', 53350),
('1068', 'VENADILLO', '12', 53400),
('1069', 'VENECIA', '13', 53450),
('107', 'BETULIA', '11', 5350),
('1070', 'VENECIA', '14', 53500),
('1071', 'VENTAQUEMADA', '15', 53550),
('1072', 'VERGARA', '16', 53600),
('1073', 'VERSALLES', '17', 53650),
('1074', 'VETAS', '18', 53700),
('1075', 'VIANÍ', '19', 53750),
('1076', 'VICTORIA', '20', 53800),
('1077', 'VIGÍA DEL FUERTE', '21', 53850),
('1078', 'VIJES', '22', 53900),
('1079', 'VILLA CARO', '23', 53950),
('108', 'BETULIA', '12', 5400),
('1080', 'VILLA DE LEYVA', '24', 54000),
('1081', 'VILLA DE SAN DIEGO DE UBATE', '25', 54050),
('1082', 'VILLA DEL ROSARIO', '26', 54100),
('1083', 'VILLA RICA', '27', 54150),
('1084', 'VILLAGARZÓN', '28', 54200),
('1085', 'VILLAGÓMEZ', '29', 54250),
('1086', 'VILLAHERMOSA', '30', 54300),
('1087', 'VILLAMARÍA', '31', 54350),
('1088', 'VILLANUEVA', '32', 54400),
('1089', 'VILLANUEVA', '1', 54450),
('109', 'BITUIMA', '13', 5450),
('1090', 'VILLANUEVA', '2', 54500),
('1091', 'VILLANUEVA', '3', 54550),
('1092', 'VILLAPINZÓN', '4', 54600),
('1093', 'VILLARRICA', '5', 54650),
('1094', 'VILLAVICENCIO', '6', 54700),
('1095', 'VILLAVIEJA', '7', 54750),
('1096', 'VILLETA', '8', 54800),
('1097', 'VIOTÁ', '9', 54850),
('1098', 'VIRACACHÁ', '10', 54900),
('1099', 'VISTAHERMOSA', '11', 54950),
('11', 'AGUACHICA', '11', 550),
('110', 'BOAVITA', '14', 5500),
('1100', 'VITERBO', '12', 55000),
('1101', 'YACOPÍ', '13', 55050),
('1102', 'YACUANQUER', '14', 55100),
('1103', 'YAGUARÁ', '15', 55150),
('1104', 'YALÍ', '16', 55200),
('1105', 'YARUMAL', '17', 55250),
('1106', 'YAVARATÉ', '18', 55300),
('1107', 'YOLOMBÓ', '19', 55350),
('1108', 'YONDÓ', '20', 55400),
('1109', 'YOPAL', '21', 55450),
('111', 'BOCHALEMA', '15', 5550),
('1110', 'YOTOCO', '22', 55500),
('1111', 'YUMBO', '23', 55550),
('1112', 'ZAMBRANO', '24', 55600),
('1113', 'ZAPATOCA', '25', 55650),
('1114', 'ZAPAYÁN', '26', 55700),
('1115', 'ZARAGOZA', '27', 55750),
('1116', 'ZARZAL', '28', 55800),
('1117', 'ZETAQUIRA', '29', 55850),
('1118', 'ZIPACÓN', '30', 55900),
('1119', 'ZIPAQUIRÁ', '31', 55950),
('112', 'BOGOTÁ', '16', 5600),
('1120', 'ZONA BANANERA', '32', 56000),
('113', 'BOJACÁ', '17', 5650),
('114', 'BOJAYA', '18', 5700),
('115', 'BOLÍVAR', '19', 5750),
('116', 'BOLÍVAR', '20', 5800),
('117', 'BOLÍVAR', '21', 5850),
('118', 'BOSCONIA', '22', 5900),
('119', 'BOYACÁ', '23', 5950),
('12', 'AGUADA', '12', 600),
('120', 'BRICEÑO', '24', 6000),
('121', 'BRICEÑO', '25', 6050),
('122', 'BUCARAMANGA', '26', 6100),
('123', 'BUCARASICA', '27', 6150),
('124', 'BUENAVENTURA', '28', 6200),
('125', 'BUENAVISTA', '29', 6250),
('126', 'BUENAVISTA', '30', 6300),
('127', 'BUENAVISTA', '31', 6350),
('128', 'BUENAVISTA', '32', 6400),
('129', 'BUENOS AIRES', '1', 6450),
('13', 'AGUADAS', '13', 650),
('130', 'BUESACO', '2', 6500),
('131', 'BUGALAGRANDE', '3', 6550),
('132', 'BURITICÁ', '4', 6600),
('133', 'BUSBANZÁ', '5', 6650),
('134', 'CABRERA', '6', 6700),
('135', 'CABRERA', '7', 6750),
('136', 'CABUYARO', '8', 6800),
('137', 'CACAHUAL', '9', 6850),
('138', 'CÁCERES', '10', 6900),
('139', 'CACHIPAY', '11', 6950),
('14', 'AGUAZUL', '14', 700),
('140', 'CACHIRÁ', '12', 7000),
('141', 'CÁCOTA', '13', 7050),
('142', 'CAICEDO', '14', 7100),
('143', 'CAICEDONIA', '15', 7150),
('144', 'CAIMITO', '16', 7200),
('145', 'CAJAMARCA', '17', 7250),
('146', 'CAJIBÍO', '18', 7300),
('147', 'CAJICÁ', '19', 7350),
('148', 'CALAMAR', '20', 7400),
('149', 'CALAMAR', '21', 7450),
('15', 'AGUSTÍN CODAZZI', '15', 750),
('150', 'CALARCA', '22', 7500),
('151', 'CALDAS', '23', 7550),
('152', 'CALDAS', '24', 7600),
('153', 'CALDONO', '25', 7650),
('154', 'CALI', '26', 7700),
('155', 'CALIFORNIA', '27', 7750),
('156', 'CALIMA', '28', 7800),
('157', 'CALOTO', '29', 7850),
('158', 'CAMPAMENTO', '30', 7900),
('159', 'CAMPO DE LA CRUZ', '31', 7950),
('16', 'AIPE', '16', 800),
('160', 'CAMPOALEGRE', '32', 8000),
('161', 'CAMPOHERMOSO', '1', 8050),
('162', 'CANALETE', '2', 8100),
('163', 'CANDELARIA', '3', 8150),
('164', 'CANDELARIA', '4', 8200),
('165', 'CANTAGALLO', '5', 8250),
('166', 'CAÑASGORDAS', '6', 8300),
('167', 'CAPARRAPÍ', '7', 8350),
('168', 'CAPITANEJO', '8', 8400),
('169', 'CAQUEZA', '9', 8450),
('17', 'ALBÁN', '17', 850),
('170', 'CARACOLÍ', '10', 8500),
('171', 'CARAMANTA', '11', 8550),
('172', 'CARCASÍ', '12', 8600),
('173', 'CAREPA', '13', 8650),
('174', 'CARMEN DE APICALÁ', '14', 8700),
('175', 'CARMEN DE CARUPA', '15', 8750),
('176', 'CARMEN DEL DARIEN', '16', 8800),
('177', 'CAROLINA', '17', 8850),
('178', 'CARTAGENA', '18', 8900),
('179', 'CARTAGENA DEL CHAIRÁ', '19', 8950),
('18', 'ALBÁN', '18', 900),
('180', 'CARTAGO', '20', 9000),
('181', 'CARURU', '21', 9050),
('182', 'CASABIANCA', '22', 9100),
('183', 'CASTILLA LA NUEVA', '23', 9150),
('184', 'CAUCASIA', '24', 9200),
('185', 'CEPITÁ', '25', 9250),
('186', 'CERETÉ', '26', 9300),
('187', 'CERINZA', '27', 9350),
('188', 'CERRITO', '28', 9400),
('189', 'CERRO SAN ANTONIO', '29', 9450),
('19', 'ALBANIA', '19', 950),
('190', 'CÉRTEGUI', '30', 9500),
('191', 'CHACHAGÜÍ', '31', 9550),
('192', 'CHAGUANÍ', '32', 9600),
('193', 'CHALÁN', '1', 9650),
('194', 'CHAMEZA', '2', 9700),
('195', 'CHAPARRAL', '3', 9750),
('196', 'CHARALÁ', '4', 9800),
('197', 'CHARTA', '5', 9850),
('198', 'CHÍA', '6', 9900),
('199', 'CHIBOLO', '7', 9950),
('2', 'ABEJORRAL', '2', 100),
('20', 'ALBANIA', '20', 1000),
('200', 'CHIGORODÓ', '8', 10000),
('201', 'CHIMA', '9', 10050),
('202', 'CHIMÁ', '10', 10100),
('203', 'CHIMICHAGUA', '11', 10150),
('204', 'CHINÁCOTA', '12', 10200),
('205', 'CHINAVITA', '13', 10250),
('206', 'CHINCHINÁ', '14', 10300),
('207', 'CHINÚ', '15', 10350),
('208', 'CHIPAQUE', '16', 10400),
('209', 'CHIPATÁ', '17', 10450),
('21', 'ALBANIA', '21', 1050),
('210', 'CHIQUINQUIRÁ', '18', 10500),
('211', 'CHÍQUIZA', '19', 10550),
('212', 'CHIRIGUANÁ', '20', 10600),
('213', 'CHISCAS', '21', 10650),
('214', 'CHITA', '22', 10700),
('215', 'CHITAGÁ', '23', 10750),
('216', 'CHITARAQUE', '24', 10800),
('217', 'CHIVATÁ', '25', 10850),
('218', 'CHIVOR', '26', 10900),
('219', 'CHOACHÍ', '27', 10950),
('22', 'ALCALÁ', '22', 1100),
('220', 'CHOCONTÁ', '28', 11000),
('221', 'CICUCO', '29', 11050),
('222', 'CIÉNAGA', '30', 11100),
('223', 'CIÉNAGA DE ORO', '31', 11150),
('224', 'CIÉNEGA', '32', 11200),
('225', 'CIMITARRA', '1', 11250),
('226', 'CIRCASIA', '2', 11300),
('227', 'CISNEROS', '3', 11350),
('228', 'CIUDAD BOLÍVAR', '4', 11400),
('229', 'CLEMENCIA', '5', 11450),
('23', 'ALDANA', '23', 1150),
('230', 'COCORNÁ', '6', 11500),
('231', 'COELLO', '7', 11550),
('232', 'COGUA', '8', 11600),
('233', 'COLOMBIA', '9', 11650),
('234', 'COLÓN', '10', 11700),
('235', 'COLÓN', '11', 11750),
('236', 'COLOSO', '12', 11800),
('237', 'CÓMBITA', '13', 11850),
('238', 'CONCEPCIÓN', '14', 11900),
('239', 'CONCEPCIÓN', '15', 11950),
('24', 'ALEJANDRÍA', '24', 1200),
('240', 'CONCORDIA', '16', 12000),
('241', 'CONCORDIA', '17', 12050),
('242', 'CONDOTO', '18', 12100),
('243', 'CONFINES', '19', 12150),
('244', 'CONSACA', '20', 12200),
('245', 'CONTADERO', '21', 12250),
('246', 'CONTRATACIÓN', '22', 12300),
('247', 'CONVENCIÓN', '23', 12350),
('248', 'COPACABANA', '24', 12400),
('249', 'COPER', '25', 12450),
('25', 'ALGARROBO', '25', 1250),
('250', 'CÓRDOBA', '26', 12500),
('251', 'CÓRDOBA', '27', 12550),
('252', 'CÓRDOBA', '28', 12600),
('253', 'CORINTO', '29', 12650),
('254', 'COROMORO', '30', 12700),
('255', 'COROZAL', '31', 12750),
('256', 'CORRALES', '32', 12800),
('257', 'COTA', '1', 12850),
('258', 'COTORRA', '2', 12900),
('259', 'COVARACHÍA', '3', 12950),
('26', 'ALGECIRAS', '26', 1300),
('260', 'COVEÑAS', '4', 13000),
('261', 'COYAIMA', '5', 13050),
('262', 'CRAVO NORTE', '6', 13100),
('263', 'CUASPUD', '7', 13150),
('264', 'CUBARÁ', '8', 13200),
('265', 'CUBARRAL', '9', 13250),
('266', 'CUCAITA', '10', 13300),
('267', 'CUCUNUBÁ', '11', 13350),
('268', 'CÚCUTA', '12', 13400),
('269', 'CUCUTILLA', '13', 13450),
('27', 'ALMAGUER', '27', 1350),
('270', 'CUÍTIVA', '14', 13500),
('271', 'CUMARAL', '15', 13550),
('272', 'CUMARIBO', '16', 13600),
('273', 'CUMBAL', '17', 13650),
('274', 'CUMBITARA', '18', 13700),
('275', 'CUNDAY', '19', 13750),
('276', 'CURILLO', '20', 13800),
('277', 'CURITÍ', '21', 13850),
('278', 'CURUMANÍ', '22', 13900),
('279', 'DABEIBA', '23', 13950),
('28', 'ALMEIDA', '28', 1400),
('280', 'DAGUA', '24', 14000),
('281', 'DIBULLA', '25', 14050),
('282', 'DISTRACCIÓN', '26', 14100),
('283', 'DOLORES', '27', 14150),
('284', 'DON MATÍAS', '28', 14200),
('285', 'DOSQUEBRADAS', '29', 14250),
('286', 'DUITAMA', '30', 14300),
('287', 'DURANIA', '31', 14350),
('288', 'EBÉJICO', '32', 14400),
('289', 'EL ÁGUILA', '1', 14450),
('29', 'ALPUJARRA', '29', 1450),
('290', 'EL BAGRE', '2', 14500),
('291', 'EL BANCO', '3', 14550),
('292', 'EL CAIRO', '4', 14600),
('293', 'EL CALVARIO', '5', 14650),
('294', 'EL CANTÓN DEL SAN PABLO', '6', 14700),
('295', 'EL CARMEN', '7', 14750),
('296', 'EL CARMEN DE ATRATO', '8', 14800),
('297', 'EL CARMEN DE BOLÍVAR', '9', 14850),
('298', 'EL CARMEN DE CHUCURÍ', '10', 14900),
('299', 'EL CARMEN DE VIBORAL', '11', 14950),
('3', 'ABREGO', '3', 150),
('30', 'ALTAMIRA', '30', 1500),
('300', 'EL CASTILLO', '12', 15000),
('301', 'EL CERRITO', '13', 15050),
('302', 'EL CHARCO', '14', 15100),
('303', 'EL COCUY', '15', 15150),
('304', 'EL COLEGIO', '16', 15200),
('305', 'EL COPEY', '17', 15250),
('306', 'EL DONCELLO', '18', 15300),
('307', 'EL DORADO', '19', 15350),
('308', 'EL DOVIO', '20', 15400),
('309', 'EL ENCANTO', '21', 15450),
('31', 'ALTO BAUDO', '31', 1550),
('310', 'EL ESPINO', '22', 15500),
('311', 'EL GUACAMAYO', '23', 15550),
('312', 'EL GUAMO', '24', 15600),
('313', 'EL LITORAL DEL SAN JUAN', '25', 15650),
('314', 'EL MOLINO', '26', 15700),
('315', 'EL PASO', '27', 15750),
('316', 'EL PAUJIL', '28', 15800),
('317', 'EL PEÑOL', '29', 15850),
('318', 'EL PEÑÓN', '30', 15900),
('319', 'EL PEÑÓN', '31', 15950),
('32', 'ALTOS DEL ROSARIO', '32', 1600),
('320', 'EL PEÑÓN', '32', 16000),
('321', 'EL PIÑON', '1', 16050),
('322', 'EL PLAYÓN', '2', 16100),
('323', 'EL RETÉN', '3', 16150),
('324', 'EL RETORNO', '4', 16200),
('325', 'EL ROBLE', '5', 16250),
('326', 'EL ROSAL', '6', 16300),
('327', 'EL ROSARIO', '7', 16350),
('328', 'EL SANTUARIO', '8', 16400),
('329', 'EL TABLÓN DE GÓMEZ', '9', 16450),
('33', 'ALVARADO', '1', 1650),
('330', 'EL TAMBO', '10', 16500),
('331', 'EL TAMBO', '11', 16550),
('332', 'EL TARRA', '12', 16600),
('333', 'EL ZULIA', '13', 16650),
('334', 'ELÍAS', '14', 16700),
('335', 'ENCINO', '15', 16750),
('336', 'ENCISO', '16', 16800),
('337', 'ENTRERRIOS', '17', 16850),
('338', 'ENVIGADO', '18', 16900),
('339', 'ESPINAL', '19', 16950),
('34', 'AMAGÁ', '2', 1700),
('340', 'FACATATIVÁ', '20', 17000),
('341', 'FALAN', '21', 17050),
('342', 'FILADELFIA', '22', 17100),
('343', 'FILANDIA', '23', 17150),
('344', 'FIRAVITOBA', '24', 17200),
('345', 'FLANDES', '25', 17250),
('346', 'FLORENCIA', '26', 17300),
('347', 'FLORENCIA', '27', 17350),
('348', 'FLORESTA', '28', 17400),
('349', 'FLORIÁN', '29', 17450),
('35', 'AMALFI', '3', 1750),
('350', 'FLORIDA', '30', 17500),
('351', 'FLORIDABLANCA', '31', 17550),
('352', 'FOMEQUE', '32', 17600),
('353', 'FONSECA', '1', 17650),
('354', 'FORTUL', '2', 17700),
('355', 'FOSCA', '3', 17750),
('356', 'FRANCISCO PIZARRO', '4', 17800),
('357', 'FREDONIA', '5', 17850),
('358', 'FRESNO', '6', 17900),
('359', 'FRONTINO', '7', 17950),
('36', 'AMBALEMA', '4', 1800),
('360', 'FUENTE DE ORO', '8', 18000),
('361', 'FUNDACIÓN', '9', 18050),
('362', 'FUNES', '10', 18100),
('363', 'FUNZA', '11', 18150),
('364', 'FÚQUENE', '12', 18200),
('365', 'FUSAGASUGÁ', '13', 18250),
('366', 'GACHALA', '14', 18300),
('367', 'GACHANCIPÁ', '15', 18350),
('368', 'GACHANTIVÁ', '16', 18400),
('369', 'GACHETÁ', '17', 18450),
('37', 'ANAPOIMA', '5', 1850),
('370', 'GALÁN', '18', 18500),
('371', 'GALAPA', '19', 18550),
('372', 'GALERAS', '20', 18600),
('373', 'GAMA', '21', 18650),
('374', 'GAMARRA', '22', 18700),
('375', 'GAMBITA', '23', 18750),
('376', 'GAMEZA', '24', 18800),
('377', 'GARAGOA', '25', 18850),
('378', 'GARZÓN', '26', 18900),
('379', 'GÉNOVA', '27', 18950),
('38', 'ANCUYÁ', '6', 1900),
('380', 'GIGANTE', '28', 19000),
('381', 'GINEBRA', '29', 19050),
('382', 'GIRALDO', '30', 19100),
('383', 'GIRARDOT', '31', 19150),
('384', 'GIRARDOTA', '32', 19200),
('385', 'GIRÓN', '1', 19250),
('386', 'GÓMEZ PLATA', '2', 19300),
('387', 'GONZÁLEZ', '3', 19350),
('388', 'GRAMALOTE', '4', 19400),
('389', 'GRANADA', '5', 19450),
('39', 'ANDALUCÍA', '7', 1950),
('390', 'GRANADA', '6', 19500),
('391', 'GRANADA', '7', 19550),
('392', 'GUACA', '8', 19600),
('393', 'GUACAMAYAS', '9', 19650),
('394', 'GUACARÍ', '10', 19700),
('395', 'GUACHETÁ', '11', 19750),
('396', 'GUACHUCAL', '12', 19800),
('397', 'GUADALAJARA DE BUGA', '13', 19850),
('398', 'GUADALUPE', '14', 19900),
('399', 'GUADALUPE', '15', 19950),
('4', 'ABRIAQUÍ', '4', 200),
('40', 'ANDES', '8', 2000),
('400', 'GUADALUPE', '16', 20000),
('401', 'GUADUAS', '17', 20050),
('402', 'GUAITARILLA', '18', 20100),
('403', 'GUALMATÁN', '19', 20150),
('404', 'GUAMAL', '20', 20200),
('405', 'GUAMAL', '21', 20250),
('406', 'GUAMO', '22', 20300),
('407', 'GUAPI', '23', 20350),
('408', 'GUAPOTÁ', '24', 20400),
('409', 'GUARANDA', '25', 20450),
('41', 'ANGELÓPOLIS', '9', 2050),
('410', 'GUARNE', '26', 20500),
('411', 'GUASCA', '27', 20550),
('412', 'GUATAPE', '28', 20600),
('413', 'GUATAQUÍ', '29', 20650),
('414', 'GUATAVITA', '30', 20700),
('415', 'GUATEQUE', '31', 20750),
('416', 'GUÁTICA', '32', 20800),
('417', 'GUAVATÁ', '1', 20850),
('418', 'GUAYABAL DE SIQUIMA', '2', 20900),
('419', 'GUAYABETAL', '3', 20950),
('42', 'ANGOSTURA', '10', 2100),
('420', 'GUAYATÁ', '4', 21000),
('421', 'GÜEPSA', '5', 21050),
('422', 'GÜICÁN', '6', 21100),
('423', 'GUTIÉRREZ', '7', 21150),
('424', 'HACARÍ', '8', 21200),
('425', 'HATILLO DE LOBA', '9', 21250),
('426', 'HATO', '10', 21300),
('427', 'HATO COROZAL', '11', 21350),
('428', 'HATONUEVO', '12', 21400),
('429', 'HELICONIA', '13', 21450),
('43', 'ANOLAIMA', '11', 2150),
('430', 'HERRÁN', '14', 21500),
('431', 'HERVEO', '15', 21550),
('432', 'HISPANIA', '16', 21600),
('433', 'HOBO', '17', 21650),
('434', 'HONDA', '18', 21700),
('435', 'IBAGUÉ', '19', 21750),
('436', 'ICONONZO', '20', 21800),
('437', 'ILES', '21', 21850),
('438', 'IMUÉS', '22', 21900),
('439', 'INÍRIDA', '23', 21950),
('44', 'ANORÍ', '12', 2200),
('440', 'INZÁ', '24', 22000),
('441', 'IPIALES', '25', 22050),
('442', 'IQUIRA', '26', 22100),
('443', 'ISNOS', '27', 22150),
('444', 'ISTMINA', '28', 22200),
('445', 'ITAGUI', '29', 22250),
('446', 'ITUANGO', '30', 22300),
('447', 'IZA', '31', 22350),
('448', 'JAMBALÓ', '32', 22400),
('449', 'JAMUNDÍ', '1', 22450),
('45', 'ANSERMA', '13', 2250),
('450', 'JARDÍN', '2', 22500),
('451', 'JENESANO', '3', 22550),
('452', 'JERICÓ', '4', 22600),
('453', 'JERICÓ', '5', 22650),
('454', 'JERUSALÉN', '6', 22700),
('455', 'JESÚS MARÍA', '7', 22750),
('456', 'JORDÁN', '8', 22800),
('457', 'JUAN DE ACOSTA', '9', 22850),
('458', 'JUNÍN', '10', 22900),
('459', 'JURADÓ', '11', 22950),
('46', 'ANSERMANUEVO', '14', 2300),
('460', 'LA APARTADA', '12', 23000),
('461', 'LA ARGENTINA', '13', 23050),
('462', 'LA BELLEZA', '14', 23100),
('463', 'LA CALERA', '15', 23150),
('464', 'LA CAPILLA', '16', 23200),
('465', 'LA CEJA', '17', 23250),
('466', 'LA CELIA', '18', 23300),
('467', 'LA CHORRERA', '19', 23350),
('468', 'LA CRUZ', '20', 23400),
('469', 'LA CUMBRE', '21', 23450),
('47', 'ANZA', '15', 2350),
('470', 'LA DORADA', '22', 23500),
('471', 'LA ESPERANZA', '23', 23550),
('472', 'LA ESTRELLA', '24', 23600),
('473', 'LA FLORIDA', '25', 23650),
('474', 'LA GLORIA', '26', 23700),
('475', 'LA GUADALUPE', '27', 23750),
('476', 'LA JAGUA DE IBIRICO', '28', 23800),
('477', 'LA JAGUA DEL PILAR', '29', 23850),
('478', 'LA LLANADA', '30', 23900),
('479', 'LA MACARENA', '31', 23950),
('48', 'ANZOÁTEGUI', '16', 2400),
('480', 'LA MERCED', '32', 24000),
('481', 'LA MESA', '1', 24050),
('482', 'LA MONTAÑITA', '2', 24100),
('483', 'LA PALMA', '3', 24150),
('484', 'LA PAZ', '4', 24200),
('485', 'LA PAZ', '5', 24250),
('486', 'LA PEDRERA', '6', 24300),
('487', 'LA PEÑA', '7', 24350),
('488', 'LA PINTADA', '8', 24400),
('489', 'LA PLATA', '9', 24450),
('49', 'APARTADÓ', '17', 2450),
('490', 'LA PLAYA', '10', 24500),
('491', 'LA PRIMAVERA', '11', 24550),
('492', 'LA SALINA', '12', 24600),
('493', 'LA SIERRA', '13', 24650),
('494', 'LA TEBAIDA', '14', 24700),
('495', 'LA TOLA', '15', 24750),
('496', 'LA UNIÓN', '16', 24800),
('497', 'LA UNIÓN', '17', 24850),
('498', 'LA UNIÓN', '18', 24900),
('499', 'LA UNIÓN', '19', 24950),
('5', 'ACACÍAS', '5', 250),
('50', 'APÍA', '18', 2500),
('500', 'LA UVITA', '20', 25000),
('501', 'LA VEGA', '21', 25050),
('502', 'LA VEGA', '22', 25100),
('503', 'LA VICTORIA', '23', 25150),
('504', 'LA VICTORIA', '24', 25200),
('505', 'LA VICTORIA', '25', 25250),
('506', 'LA VIRGINIA', '26', 25300),
('507', 'LABATECA', '27', 25350),
('508', 'LABRANZAGRANDE', '28', 25400),
('509', 'LANDÁZURI', '29', 25450),
('51', 'APULO', '19', 2550),
('510', 'LEBRÍJA', '30', 25500),
('511', 'LEGUÍZAMO', '31', 25550),
('512', 'LEIVA', '32', 25600),
('513', 'LEJANÍAS', '1', 25650),
('514', 'LENGUAZAQUE', '2', 25700),
('515', 'LÉRIDA', '3', 25750),
('516', 'LETICIA', '4', 25800),
('517', 'LÍBANO', '5', 25850),
('518', 'LIBORINA', '6', 25900),
('519', 'LINARES', '7', 25950),
('52', 'AQUITANIA', '20', 2600),
('520', 'LLORÓ', '8', 26000),
('521', 'LÓPEZ', '9', 26050),
('522', 'LORICA', '10', 26100),
('523', 'LOS ANDES', '11', 26150),
('524', 'LOS CÓRDOBAS', '12', 26200),
('525', 'LOS PALMITOS', '13', 26250),
('526', 'LOS PATIOS', '14', 26300),
('527', 'LOS SANTOS', '15', 26350),
('528', 'LOURDES', '16', 26400),
('529', 'LURUACO', '17', 26450),
('53', 'ARACATACA', '21', 2650),
('530', 'MACANAL', '18', 26500),
('531', 'MACARAVITA', '19', 26550),
('532', 'MACEO', '20', 26600),
('533', 'MACHETA', '21', 26650),
('534', 'MADRID', '22', 26700),
('535', 'MAGANGUÉ', '23', 26750),
('536', 'MAGÜI', '24', 26800),
('537', 'MAHATES', '25', 26850),
('538', 'MAICAO', '26', 26900),
('539', 'MAJAGUAL', '27', 26950),
('54', 'ARANZAZU', '22', 2700),
('540', 'MÁLAGA', '28', 27000),
('541', 'MALAMBO', '29', 27050),
('542', 'MALLAMA', '30', 27100),
('543', 'MANATÍ', '31', 27150),
('544', 'MANAURE', '32', 27200),
('545', 'MANAURE', '1', 27250),
('546', 'MANÍ', '2', 27300),
('547', 'MANIZALES', '3', 27350),
('548', 'MANTA', '4', 27400),
('549', 'MANZANARES', '5', 27450),
('55', 'ARATOCA', '23', 2750),
('550', 'MAPIRIPÁN', '6', 27500),
('551', 'MAPIRIPANA', '7', 27550),
('552', 'MARGARITA', '8', 27600),
('553', 'MARÍA LA BAJA', '9', 27650),
('554', 'MARINILLA', '10', 27700),
('555', 'MARIPÍ', '11', 27750),
('556', 'MARIQUITA', '12', 27800),
('557', 'MARMATO', '13', 27850),
('558', 'MARQUETALIA', '14', 27900),
('559', 'MARSELLA', '15', 27950),
('56', 'ARAUCA', '24', 2800),
('560', 'MARULANDA', '16', 28000),
('561', 'MATANZA', '17', 28050),
('562', 'MEDELLÍN', '18', 28100),
('563', 'MEDINA', '19', 28150),
('564', 'MEDIO ATRATO', '20', 28200),
('565', 'MEDIO BAUDÓ', '21', 28250),
('566', 'MEDIO SAN JUAN', '22', 28300),
('567', 'MELGAR', '23', 28350),
('568', 'MERCADERES', '24', 28400),
('569', 'MESETAS', '25', 28450),
('57', 'ARAUQUITA', '25', 2850),
('570', 'MILÁN', '26', 28500),
('571', 'MIRAFLORES', '27', 28550),
('572', 'MIRAFLORES', '28', 28600),
('573', 'MIRANDA', '29', 28650),
('574', 'MIRITI - PARANÁ', '30', 28700),
('575', 'MISTRATÓ', '31', 28750),
('576', 'MITÚ', '32', 28800),
('577', 'MOCOA', '1', 28850),
('578', 'MOGOTES', '2', 28900),
('579', 'MOLAGAVITA', '3', 28950),
('58', 'ARBELÁEZ', '26', 2900),
('580', 'MOMIL', '4', 29000),
('581', 'MOMPÓS', '5', 29050),
('582', 'MONGUA', '6', 29100),
('583', 'MONGUÍ', '7', 29150),
('584', 'MONIQUIRÁ', '8', 29200),
('585', 'MONTEBELLO', '9', 29250),
('586', 'MONTECRISTO', '10', 29300),
('587', 'MONTELÍBANO', '11', 29350),
('588', 'MONTENEGRO', '12', 29400),
('589', 'MONTERÍA', '13', 29450),
('59', 'ARBOLEDA', '27', 2950),
('590', 'MONTERREY', '14', 29500),
('591', 'MOÑITOS', '15', 29550),
('592', 'MORALES', '16', 29600),
('593', 'MORALES', '17', 29650),
('594', 'MORELIA', '18', 29700),
('595', 'MORICHAL', '19', 29750),
('596', 'MORROA', '20', 29800),
('597', 'MOSQUERA', '21', 29850),
('598', 'MOSQUERA', '22', 29900),
('599', 'MOTAVITA', '23', 29950),
('6', 'ACANDÍ', '6', 300),
('60', 'ARBOLEDAS', '28', 3000),
('600', 'MURILLO', '24', 30000),
('601', 'MURINDÓ', '25', 30050),
('602', 'MUTATÁ', '26', 30100),
('603', 'MUTISCUA', '27', 30150),
('604', 'MUZO', '28', 30200),
('605', 'NARIÑO', '29', 30250),
('606', 'NARIÑO', '30', 30300),
('607', 'NARIÑO', '31', 30350),
('608', 'NÁTAGA', '32', 30400),
('609', 'NATAGAIMA', '1', 30450),
('61', 'ARBOLETES', '29', 3050),
('610', 'NECHÍ', '2', 30500),
('611', 'NECOCLÍ', '3', 30550),
('612', 'NEIRA', '4', 30600),
('613', 'NEIVA', '5', 30650),
('614', 'NEMOCÓN', '6', 30700),
('615', 'NILO', '7', 30750),
('616', 'NIMAIMA', '8', 30800),
('617', 'NOBSA', '9', 30850),
('618', 'NOCAIMA', '10', 30900),
('619', 'NORCASIA', '11', 30950),
('62', 'ARCABUCO', '30', 3100),
('620', 'NÓVITA', '12', 31000),
('621', 'NUEVA GRANADA', '13', 31050),
('622', 'NUEVO COLÓN', '14', 31100),
('623', 'NUNCHÍA', '15', 31150),
('624', 'NUQUÍ', '16', 31200),
('625', 'OBANDO', '17', 31250),
('626', 'OCAMONTE', '18', 31300),
('627', 'OCAÑA', '19', 31350),
('628', 'OIBA', '20', 31400),
('629', 'OICATÁ', '21', 31450),
('63', 'ARENAL', '31', 3150),
('630', 'OLAYA', '22', 31500),
('631', 'OLAYA HERRERA', '23', 31550),
('632', 'ONZAGA', '24', 31600),
('633', 'OPORAPA', '25', 31650),
('634', 'ORITO', '26', 31700),
('635', 'OROCUÉ', '27', 31750),
('636', 'ORTEGA', '28', 31800),
('637', 'OSPINA', '29', 31850),
('638', 'OTANCHE', '30', 31900),
('639', 'OVEJAS', '31', 31950),
('64', 'ARGELIA', '32', 3200),
('640', 'PACHAVITA', '32', 32000),
('641', 'PACHO', '1', 32050),
('642', 'PACOA', '2', 32100),
('643', 'PÁCORA', '3', 32150),
('644', 'PADILLA', '4', 32200),
('645', 'PAEZ', '5', 32250),
('646', 'PÁEZ', '6', 32300),
('647', 'PAICOL', '7', 32350),
('648', 'PAILITAS', '8', 32400),
('649', 'PAIME', '9', 32450),
('65', 'ARGELIA', '1', 3250),
('650', 'PAIPA', '10', 32500),
('651', 'PAJARITO', '11', 32550),
('652', 'PALERMO', '12', 32600),
('653', 'PALESTINA', '13', 32650),
('654', 'PALESTINA', '14', 32700),
('655', 'PALMAR', '15', 32750),
('656', 'PALMAR DE VARELA', '16', 32800),
('657', 'PALMAS DEL SOCORRO', '17', 32850),
('658', 'PALMIRA', '18', 32900),
('659', 'PALMITO', '19', 32950),
('66', 'ARGELIA', '2', 3300),
('660', 'PALOCABILDO', '20', 33000),
('661', 'PAMPLONA', '21', 33050),
('662', 'PAMPLONITA', '22', 33100),
('663', 'PANA PANA', '23', 33150),
('664', 'PANDI', '24', 33200),
('665', 'PANQUEBA', '25', 33250),
('666', 'PAPUNAUA', '26', 33300),
('667', 'PÁRAMO', '27', 33350),
('668', 'PARATEBUENO', '28', 33400),
('669', 'PASCA', '29', 33450),
('67', 'ARIGUANÍ', '3', 3350),
('670', 'PASTO', '30', 33500),
('671', 'PATÍA', '31', 33550),
('672', 'PAUNA', '32', 33600),
('673', 'PAYA', '1', 33650),
('674', 'PAZ DE ARIPORO', '2', 33700),
('675', 'PAZ DE RÍO', '3', 33750),
('676', 'PEDRAZA', '4', 33800),
('677', 'PELAYA', '5', 33850),
('678', 'PENSILVANIA', '6', 33900),
('679', 'PEÑOL', '7', 33950),
('68', 'ARJONA', '4', 3400),
('680', 'PEQUE', '8', 34000),
('681', 'PEREIRA', '9', 34050),
('682', 'PESCA', '10', 34100),
('683', 'PIAMONTE', '11', 34150),
('684', 'PIEDECUESTA', '12', 34200),
('685', 'PIEDRAS', '13', 34250),
('686', 'PIENDAMÓ', '14', 34300),
('687', 'PIJAO', '15', 34350),
('688', 'PIJIÑO DEL CARMEN', '16', 34400),
('689', 'PINCHOTE', '17', 34450),
('69', 'ARMENIA', '5', 3450),
('690', 'PINILLOS', '18', 34500),
('691', 'PIOJÓ', '19', 34550),
('692', 'PISBA', '20', 34600),
('693', 'PITAL', '21', 34650),
('694', 'PITALITO', '22', 34700),
('695', 'PIVIJAY', '23', 34750),
('696', 'PLANADAS', '24', 34800),
('697', 'PLANETA RICA', '25', 34850),
('698', 'PLATO', '26', 34900),
('699', 'POLICARPA', '27', 34950),
('7', 'ACEVEDO', '7', 350),
('70', 'ARMENIA', '6', 3500),
('700', 'POLONUEVO', '28', 35000),
('701', 'PONEDERA', '29', 35050),
('702', 'POPAYÁN', '30', 35100),
('703', 'PORE', '31', 35150),
('704', 'POTOSÍ', '32', 35200),
('705', 'PRADERA', '1', 35250),
('706', 'PRADO', '2', 35300),
('707', 'PROVIDENCIA', '3', 35350),
('708', 'PROVIDENCIA', '4', 35400),
('709', 'PUEBLO BELLO', '5', 35450),
('71', 'ARMERO', '7', 3550),
('710', 'PUEBLO NUEVO', '6', 35500),
('711', 'PUEBLO RICO', '7', 35550),
('712', 'PUEBLORRICO', '8', 35600),
('713', 'PUEBLOVIEJO', '9', 35650),
('714', 'PUENTE NACIONAL', '10', 35700),
('715', 'PUERRES', '11', 35750),
('716', 'PUERTO ALEGRÍA', '12', 35800),
('717', 'PUERTO ARICA', '13', 35850),
('718', 'PUERTO ASÍS', '14', 35900),
('719', 'PUERTO BERRÍO', '15', 35950),
('72', 'ARROYOHONDO', '8', 3600),
('720', 'PUERTO BOYACÁ', '16', 36000),
('721', 'PUERTO CAICEDO', '17', 36050),
('722', 'PUERTO CARREÑO', '18', 36100),
('723', 'PUERTO COLOMBIA', '19', 36150),
('724', 'PUERTO COLOMBIA', '20', 36200),
('725', 'PUERTO CONCORDIA', '21', 36250),
('726', 'PUERTO ESCONDIDO', '22', 36300),
('727', 'PUERTO GAITÁN', '23', 36350),
('728', 'PUERTO GUZMÁN', '24', 36400),
('729', 'PUERTO LIBERTADOR', '25', 36450),
('73', 'ASTREA', '9', 3650),
('730', 'PUERTO LLERAS', '26', 36500),
('731', 'PUERTO LÓPEZ', '27', 36550),
('732', 'PUERTO NARE', '28', 36600),
('733', 'PUERTO NARIÑO', '29', 36650),
('734', 'PUERTO PARRA', '30', 36700),
('735', 'PUERTO RICO', '31', 36750),
('736', 'PUERTO RICO', '32', 36800),
('737', 'PUERTO RONDÓN', '1', 36850),
('738', 'PUERTO SALGAR', '2', 36900),
('739', 'PUERTO SANTANDER', '3', 36950),
('74', 'ATACO', '10', 3700),
('740', 'PUERTO SANTANDER', '4', 37000),
('741', 'PUERTO TEJADA', '5', 37050),
('742', 'PUERTO TRIUNFO', '6', 37100),
('743', 'PUERTO WILCHES', '7', 37150),
('744', 'PULÍ', '8', 37200),
('745', 'PUPIALES', '9', 37250),
('746', 'PURACÉ', '10', 37300),
('747', 'PURIFICACIÓN', '11', 37350),
('748', 'PURÍSIMA', '12', 37400),
('749', 'QUEBRADANEGRA', '13', 37450),
('75', 'ATRATO', '11', 3750),
('750', 'QUETAME', '14', 37500),
('751', 'QUIBDÓ', '15', 37550),
('752', 'QUIMBAYA', '16', 37600),
('753', 'QUINCHÍA', '17', 37650),
('754', 'QUÍPAMA', '18', 37700),
('755', 'QUIPILE', '19', 37750),
('756', 'RAGONVALIA', '20', 37800),
('757', 'RAMIRIQUÍ', '21', 37850),
('758', 'RÁQUIRA', '22', 37900),
('759', 'RECETOR', '23', 37950),
('76', 'AYAPEL', '12', 3800),
('760', 'REGIDOR', '24', 38000),
('761', 'REMEDIOS', '25', 38050),
('762', 'REMOLINO', '26', 38100),
('763', 'REPELÓN', '27', 38150),
('764', 'RESTREPO', '28', 38200),
('765', 'RESTREPO', '29', 38250),
('766', 'RETIRO', '30', 38300),
('767', 'RICAURTE', '31', 38350),
('768', 'RICAURTE', '32', 38400),
('769', 'RÍO DE ORO', '1', 38450),
('77', 'BAGADÓ', '13', 3850),
('770', 'RÍO IRO', '2', 38500),
('771', 'RÍO QUITO', '3', 38550),
('772', 'RÍO VIEJO', '4', 38600),
('773', 'RIOBLANCO', '5', 38650),
('774', 'RIOFRÍO', '6', 38700),
('775', 'RIOHACHA', '7', 38750),
('776', 'RIONEGRO', '8', 38800),
('777', 'RIONEGRO', '9', 38850),
('778', 'RIOSUCIO', '10', 38900),
('779', 'RIOSUCIO', '11', 38950),
('78', 'BAHÍA SOLANO', '14', 3900),
('780', 'RISARALDA', '12', 39000),
('781', 'RIVERA', '13', 39050),
('782', 'ROBERTO PAYÁN', '14', 39100),
('783', 'ROLDANILLO', '15', 39150),
('784', 'RONCESVALLES', '16', 39200),
('785', 'RONDÓN', '17', 39250),
('786', 'ROSAS', '18', 39300),
('787', 'ROVIRA', '19', 39350),
('788', 'SABANA DE TORRES', '20', 39400),
('789', 'SABANAGRANDE', '21', 39450),
('79', 'BAJO BAUDÓ', '15', 3950),
('790', 'SABANALARGA', '22', 39500),
('791', 'SABANALARGA', '23', 39550),
('792', 'SABANALARGA', '24', 39600),
('793', 'SABANAS DE SAN ANGEL', '25', 39650),
('794', 'SABANETA', '26', 39700),
('795', 'SABOYÁ', '27', 39750),
('796', 'SÁCAMA', '28', 39800),
('797', 'SÁCHICA', '29', 39850),
('798', 'SAHAGÚN', '30', 39900),
('799', 'SALADOBLANCO', '31', 39950),
('8', 'ACHÍ', '8', 400),
('80', 'BALBOA', '16', 4000),
('800', 'SALAMINA', '32', 40000),
('801', 'SALAMINA', '1', 40050),
('802', 'SALAZAR', '2', 40100),
('803', 'SALDAÑA', '3', 40150),
('804', 'SALENTO', '4', 40200),
('805', 'SALGAR', '5', 40250),
('806', 'SAMACÁ', '6', 40300),
('807', 'SAMANÁ', '7', 40350),
('808', 'SAMANIEGO', '8', 40400),
('809', 'SAMPUÉS', '9', 40450),
('81', 'BALBOA', '17', 4050),
('810', 'SAN AGUSTÍN', '10', 40500),
('811', 'SAN ALBERTO', '11', 40550),
('812', 'SAN ANDRÉS', '12', 40600),
('813', 'SAN ANDRÉS', '13', 40650),
('814', 'SAN ANDRÉS', '14', 40700),
('815', 'SAN ANDRÉS SOTAVENTO', '15', 40750),
('816', 'SAN ANTERO', '16', 40800),
('817', 'SAN ANTONIO', '17', 40850),
('818', 'SAN ANTONIO DEL TEQUENDAMA', '18', 40900),
('819', 'SAN BENITO', '19', 40950),
('82', 'BARANOA', '18', 4100),
('820', 'SAN BENITO ABAD', '20', 41000),
('821', 'SAN BERNARDO', '21', 41050),
('822', 'SAN BERNARDO', '22', 41100),
('823', 'SAN BERNARDO DEL VIENTO', '23', 41150),
('824', 'SAN CALIXTO', '24', 41200),
('825', 'SAN CARLOS', '25', 41250),
('826', 'SAN CARLOS', '26', 41300),
('827', 'SAN CARLOS DE GUAROA', '27', 41350),
('828', 'SAN CAYETANO', '28', 41400),
('829', 'SAN CAYETANO', '29', 41450),
('83', 'BARAYA', '19', 4150),
('830', 'SAN CRISTÓBAL', '30', 41500),
('831', 'SAN DIEGO', '31', 41550),
('832', 'SAN EDUARDO', '32', 41600),
('833', 'SAN ESTANISLAO', '1', 41650),
('834', 'SAN FELIPE', '2', 41700),
('835', 'SAN FERNANDO', '3', 41750),
('836', 'SAN FRANCISCO', '4', 41800),
('837', 'SAN FRANCISCO', '5', 41850),
('838', 'SAN FRANCISCO', '6', 41900),
('839', 'SAN GIL', '7', 41950),
('84', 'BARBACOAS', '20', 4200),
('840', 'SAN JACINTO', '8', 42000),
('841', 'SAN JACINTO DEL CAUCA', '9', 42050),
('842', 'SAN JERÓNIMO', '10', 42100),
('843', 'SAN JOAQUÍN', '11', 42150),
('844', 'SAN JOSÉ', '12', 42200),
('845', 'SAN JOSÉ DE LA MONTAÑA', '13', 42250),
('846', 'SAN JOSÉ DE MIRANDA', '14', 42300),
('847', 'SAN JOSÉ DE PARE', '15', 42350),
('848', 'SAN JOSÉ DEL FRAGUA', '16', 42400),
('849', 'SAN JOSÉ DEL GUAVIARE', '17', 42450),
('85', 'BARBOSA', '21', 4250),
('850', 'SAN JOSÉ DEL PALMAR', '18', 42500),
('851', 'SAN JUAN DE ARAMA', '19', 42550),
('852', 'SAN JUAN DE BETULIA', '20', 42600),
('853', 'SAN JUAN DE RÍO SECO', '21', 42650),
('854', 'SAN JUAN DE URABÁ', '22', 42700),
('855', 'SAN JUAN DEL CESAR', '23', 42750),
('856', 'SAN JUAN NEPOMUCENO', '24', 42800),
('857', 'SAN JUANITO', '25', 42850),
('858', 'SAN LORENZO', '26', 42900),
('859', 'SAN LUIS', '27', 42950),
('86', 'BARBOSA', '22', 4300),
('860', 'SAN LUIS', '28', 43000),
('861', 'SAN LUIS DE GACENO', '29', 43050),
('862', 'SAN LUIS DE PALENQUE', '30', 43100),
('863', 'SAN MARCOS', '31', 43150),
('864', 'SAN MARTÍN', '32', 43200),
('865', 'SAN MARTÍN', '1', 43250),
('866', 'SAN MARTÍN DE LOBA', '2', 43300),
('867', 'SAN MATEO', '3', 43350),
('868', 'SAN MIGUEL', '4', 43400),
('869', 'SAN MIGUEL', '5', 43450),
('87', 'BARICHARA', '23', 4350),
('870', 'SAN MIGUEL DE SEMA', '6', 43500),
('871', 'SAN ONOFRE', '7', 43550),
('872', 'SAN PABLO', '8', 43600),
('873', 'SAN PABLO', '9', 43650),
('874', 'SAN PABLO DE BORBUR', '10', 43700),
('875', 'SAN PEDRO', '11', 43750),
('876', 'SAN PEDRO', '12', 43800),
('877', 'SAN PEDRO', '13', 43850),
('878', 'SAN PEDRO DE CARTAGO', '14', 43900),
('879', 'SAN PEDRO DE URABA', '15', 43950),
('88', 'BARRANCA DE UPÍA', '24', 4400),
('880', 'SAN PELAYO', '16', 44000),
('881', 'SAN RAFAEL', '17', 44050),
('882', 'SAN ROQUE', '18', 44100),
('883', 'SAN SEBASTIÁN', '19', 44150),
('884', 'SAN SEBASTIÁN DE BUENAVISTA', '20', 44200),
('885', 'SAN VICENTE', '21', 44250),
('886', 'SAN VICENTE DE CHUCURÍ', '22', 44300),
('887', 'SAN VICENTE DEL CAGUÁN', '23', 44350),
('888', 'SAN ZENÓN', '24', 44400),
('889', 'SANDONÁ', '25', 44450),
('89', 'BARRANCABERMEJA', '25', 4450),
('890', 'SANTA ANA', '26', 44500),
('891', 'SANTA BÁRBARA', '27', 44550),
('892', 'SANTA BÁRBARA', '28', 44600),
('893', 'SANTA BÁRBARA', '29', 44650),
('894', 'SANTA BÁRBARA DE PINTO', '30', 44700),
('895', 'SANTA CATALINA', '31', 44750),
('896', 'SANTA HELENA DEL OPÓN', '32', 44800),
('897', 'SANTA ISABEL', '1', 44850),
('898', 'SANTA LUCÍA', '2', 44900),
('899', 'SANTA MARÍA', '3', 44950),
('9', 'AGRADO', '9', 450),
('90', 'BARRANCAS', '26', 4500),
('900', 'SANTA MARÍA', '4', 45000),
('901', 'SANTA MARTA', '5', 45050),
('902', 'SANTA ROSA', '6', 45100),
('903', 'SANTA ROSA', '7', 45150),
('904', 'SANTA ROSA DE CABAL', '8', 45200),
('905', 'SANTA ROSA DE OSOS', '9', 45250),
('906', 'SANTA ROSA DE VITERBO', '10', 45300),
('907', 'SANTA ROSA DEL SUR', '11', 45350),
('908', 'SANTA ROSALÍA', '12', 45400),
('909', 'SANTA SOFÍA', '13', 45450),
('91', 'BARRANCO DE LOBA', '27', 4550),
('910', 'SANTACRUZ', '14', 45500),
('911', 'SANTAFÉ DE ANTIOQUIA', '15', 45550),
('912', 'SANTANA', '16', 45600),
('913', 'SANTANDER DE QUILICHAO', '17', 45650),
('914', 'SANTIAGO', '18', 45700),
('915', 'SANTIAGO', '19', 45750),
('916', 'SANTIAGO DE TOLÚ', '20', 45800),
('917', 'SANTO DOMINGO', '21', 45850),
('918', 'SANTO TOMÁS', '22', 45900),
('919', 'SANTUARIO', '23', 45950),
('92', 'BARRANCO MINAS', '28', 4600),
('920', 'SAPUYES', '24', 46000),
('921', 'SARAVENA', '25', 46050),
('922', 'SARDINATA', '26', 46100),
('923', 'SASAIMA', '27', 46150),
('924', 'SATIVANORTE', '28', 46200),
('925', 'SATIVASUR', '29', 46250),
('926', 'SEGOVIA', '30', 46300),
('927', 'SESQUILÉ', '31', 46350),
('928', 'SEVILLA', '32', 46400),
('929', 'SIACHOQUE', '1', 46450),
('93', 'BARRANQUILLA', '29', 4650),
('930', 'SIBATÉ', '2', 46500),
('931', 'SIBUNDOY', '3', 46550),
('932', 'SILOS', '4', 46600),
('933', 'SILVANIA', '5', 46650),
('934', 'SILVIA', '6', 46700),
('935', 'SIMACOTA', '7', 46750),
('936', 'SIMIJACA', '8', 46800),
('937', 'SIMITÍ', '9', 46850),
('938', 'SINCÉ', '10', 46900),
('939', 'SINCELEJO', '11', 46950),
('94', 'BECERRIL', '30', 4700),
('940', 'SIPÍ', '12', 47000),
('941', 'SITIONUEVO', '13', 47050),
('942', 'SOACHA', '14', 47100),
('943', 'SOATÁ', '15', 47150),
('944', 'SOCHA', '16', 47200),
('945', 'SOCORRO', '17', 47250),
('946', 'SOCOTÁ', '18', 47300),
('947', 'SOGAMOSO', '19', 47350),
('948', 'SOLANO', '20', 47400),
('949', 'SOLEDAD', '21', 47450),
('95', 'BELALCÁZAR', '31', 4750),
('950', 'SOLITA', '22', 47500),
('951', 'SOMONDOCO', '23', 47550),
('952', 'SONSON', '24', 47600),
('953', 'SOPETRÁN', '25', 47650),
('954', 'SOPLAVIENTO', '26', 47700),
('955', 'SOPÓ', '27', 47750),
('956', 'SORA', '28', 47800),
('957', 'SORACÁ', '29', 47850),
('958', 'SOTAQUIRÁ', '30', 47900),
('959', 'SOTARA', '31', 47950),
('96', 'BELÉN', '32', 4800),
('960', 'SUAITA', '32', 48000),
('961', 'SUAN', '1', 48050),
('962', 'SUÁREZ', '2', 48100),
('963', 'SUÁREZ', '3', 48150),
('964', 'SUAZA', '4', 48200),
('965', 'SUBACHOQUE', '5', 48250),
('966', 'SUCRE', '6', 48300),
('967', 'SUCRE', '7', 48350),
('968', 'SUCRE', '8', 48400),
('969', 'SUESCA', '9', 48450),
('97', 'BELÉN', '1', 4850),
('970', 'SUPATÁ', '10', 48500),
('971', 'SUPÍA', '11', 48550),
('972', 'SURATÁ', '12', 48600),
('973', 'SUSA', '13', 48650),
('974', 'SUSACÓN', '14', 48700),
('975', 'SUTAMARCHÁN', '15', 48750),
('976', 'SUTATAUSA', '16', 48800),
('977', 'SUTATENZA', '17', 48850),
('978', 'TABIO', '18', 48900),
('979', 'TADÓ', '19', 48950),
('98', 'BELÉN DE BAJIRÁ', '2', 4900),
('980', 'TALAIGUA NUEVO', '20', 49000),
('981', 'TAMALAMEQUE', '21', 49050),
('982', 'TÁMARA', '22', 49100),
('983', 'TAME', '23', 49150),
('984', 'TÁMESIS', '24', 49200),
('985', 'TAMINANGO', '25', 49250),
('986', 'TANGUA', '26', 49300),
('987', 'TARAIRA', '27', 49350),
('988', 'TARAPACÁ', '28', 49400),
('989', 'TARAZÁ', '29', 49450),
('99', 'BELÉN DE LOS ANDAQUIES', '3', 4950),
('990', 'TARQUI', '30', 49500),
('991', 'TARSO', '31', 49550),
('992', 'TASCO', '32', 49600),
('993', 'TAURAMENA', '1', 49650),
('994', 'TAUSA', '2', 49700),
('995', 'TELLO', '3', 49750),
('996', 'TENA', '4', 49800),
('997', 'TENERIFE', '5', 49850),
('998', 'TENJO', '6', 49900),
('999', 'TENZA', '7', 49950);

-- --------------------------------------------------------

--
-- Estructura de tabla para la tabla `credencial`
--

CREATE TABLE IF NOT EXISTS `credencial` (
  `id` int(11) NOT NULL,
  `nombre` varchar(50) NOT NULL,
  PRIMARY KEY (`id`)
) ENGINE=InnoDB DEFAULT CHARSET=latin1;

-- --------------------------------------------------------

--
-- Estructura de tabla para la tabla `datos_usuario`
--

CREATE TABLE IF NOT EXISTS `datos_usuario` (
  `id` int(11) NOT NULL,
  `usuario_id` int(11) NOT NULL,
  `nombre` varchar(80) NOT NULL,
  `apellido` varchar(80) NOT NULL,
  `direccion` varchar(1024) NOT NULL,
  `telefono` varchar(20) NOT NULL,
  `localidad_id` int(11) NOT NULL,
  PRIMARY KEY (`id`)
) ENGINE=InnoDB DEFAULT CHARSET=latin1;

-- --------------------------------------------------------

--
-- Estructura de tabla para la tabla `depto`
--

CREATE TABLE IF NOT EXISTS `depto` (
  `cod_depto` varchar(20) NOT NULL DEFAULT '',
  `nom_depto` varchar(30) DEFAULT NULL,
  PRIMARY KEY (`cod_depto`)
) ENGINE=InnoDB DEFAULT CHARSET=latin1;

--
-- Volcado de datos para la tabla `depto`
--

INSERT INTO `depto` (`cod_depto`, `nom_depto`) VALUES
('1', 'Valle del Cauca'),
('10', 'Cauca'),
('11', 'Cesar'),
('12', 'Chocó'),
('13', 'Córdoba'),
('14', 'Cundinamarca'),
('15', 'Guainía'),
('16', 'Guaviare'),
('17', 'Huila'),
('18', 'La Guajira'),
('19', 'Magdalena'),
('2', 'Antioquia'),
('20', 'Meta'),
('21', 'Nariño'),
('22', 'Norte de Santander'),
('23', 'Putumayo'),
('24', 'Quindío'),
('25', 'Risaralda'),
('26', 'San Andrés y Providencia'),
('27', 'Santander'),
('28', 'Sucre'),
('29', 'Tolima'),
('3', 'Arauca'),
('30', 'Amazonas'),
('31', 'Vaupés'),
('32', 'Vichada'),
('4', 'Atlántico'),
('5', 'Bolívar'),
('6', 'Boyacá'),
('7', 'Caldas'),
('8', 'Caquetá'),
('9', 'Casanare');

-- --------------------------------------------------------

--
-- Estructura de tabla para la tabla `desercion`
--

CREATE TABLE IF NOT EXISTS `desercion` (
  `num_doc` int(11) NOT NULL,
  `fecha_doc` date DEFAULT NULL,
  `id_aprendiz` varchar(20) DEFAULT NULL,
  `num_ficha` int(11) DEFAULT NULL,
  `cod_causa` varchar(20) DEFAULT NULL,
  `fecha_desercion` date DEFAULT NULL,
  `fase` varchar(20) DEFAULT NULL,
  PRIMARY KEY (`num_doc`),
  KEY `id_aprendiz` (`id_aprendiz`),
  KEY `num_ficha` (`num_ficha`),
  KEY `cod_causa` (`cod_causa`)
) ENGINE=InnoDB DEFAULT CHARSET=latin1;

--
-- Volcado de datos para la tabla `desercion`
--

INSERT INTO `desercion` (`num_doc`, `fecha_doc`, `id_aprendiz`, `num_ficha`, `cod_causa`, `fecha_desercion`, `fase`) VALUES
(1, '0000-00-00', '92121961115', 358216, '1', '0000-00-00', 'Analisis'),
(2, '0000-00-00', '1112621675', 358216, '2', '0000-00-00', 'Analisis'),
(3, '0000-00-00', '92032603310', 358216, '3', '0000-00-00', 'Analisis'),
(4, '0000-00-00', '31943219', 358216, '4', '0000-00-00', 'Analisis'),
(5, '0000-00-00', '1112108485', 358216, '4', '0000-00-00', 'Planeacion'),
(6, '0000-00-00', '1116243676', 358216, '1', '0000-00-00', 'Planeacion'),
(7, '0000-00-00', '1111743952', 433853, '1', '0000-00-00', 'Planeacion'),
(8, '0000-00-00', '66712783', 433853, '1', '0000-00-00', 'Planeacion'),
(9, '0000-00-00', '92110651688', 433853, '1', '0000-00-00', 'Planeacion'),
(10, '0000-00-00', '92122262601', 191221, '1', '0000-00-00', 'Planeacion'),
(11, '0000-00-00', '1116232627', 191221, '1', '0000-00-00', 'Planeacion'),
(12, '0000-00-00', '38794399', 340098, '1', '0000-00-00', 'Planeacion'),
(13, '0000-00-00', '31792237', 340098, '4', '0000-00-00', 'Planeacion'),
(14, '0000-00-00', '92121961115', 340098, '4', '0000-00-00', 'Analisis'),
(15, '0000-00-00', '1112621675', 340098, '4', '0000-00-00', 'Analisis'),
(16, '0000-00-00', '92032603310', 340098, '4', '0000-00-00', 'Analisis'),
(17, '0000-00-00', '31943219', 340098, '2', '0000-00-00', 'Analisis'),
(18, '0000-00-00', '1112108485', 340098, '2', '0000-00-00', 'Analisis'),
(19, '0000-00-00', '1116243676', 340098, '2', '0000-00-00', 'Ejecucion'),
(20, '0000-00-00', '1111743952', 340098, '3', '0000-00-00', 'Ejecucion'),
(21, '0000-00-00', '66712783', 340098, '1', '0000-00-00', 'Ejecucion'),
(22, '0000-00-00', '92110651688', 358216, '1', '0000-00-00', 'Ejecucion'),
(23, '0000-00-00', '92122262601', 358216, '1', '0000-00-00', 'Ejecucion'),
(24, '0000-00-00', '1116232627', 358216, '3', '0000-00-00', 'Ejecucion'),
(25, '0000-00-00', '38794399', 358216, '3', '0000-00-00', 'Ejecucion'),
(26, '0000-00-00', '31792237', 358216, '3', '0000-00-00', 'Ejecucion');

-- --------------------------------------------------------

--
-- Estructura de tabla para la tabla `ficha`
--

CREATE TABLE IF NOT EXISTS `ficha` (
  `num_ficha` int(11) NOT NULL DEFAULT '0',
  `cod_programa` varchar(20) DEFAULT NULL,
  `fecha_ini` varchar(20) DEFAULT NULL,
  `fecha_fin` varchar(20) DEFAULT NULL,
  `cod_centro` varchar(20) DEFAULT NULL,
  PRIMARY KEY (`num_ficha`)
) ENGINE=InnoDB DEFAULT CHARSET=latin1;

--
-- Volcado de datos para la tabla `ficha`
--

INSERT INTO `ficha` (`num_ficha`, `cod_programa`, `fecha_ini`, `fecha_fin`, `cod_centro`) VALUES
(191221, '4', '01/02/2011', '01/02/2013', '5'),
(340098, '2', '31/01/2011', '31/01/2013', '2'),
(358216, '1', '29/01/2011', '29/01/2013', '1'),
(433853, '1', '30/01/2011', '30/01/2013', '1');

-- --------------------------------------------------------

--
-- Estructura de tabla para la tabla `localidad`
--

CREATE TABLE IF NOT EXISTS `localidad` (
  `id` int(11) NOT NULL,
  `nombre` varchar(80) NOT NULL,
  `localidad_id` int(11) NOT NULL,
  PRIMARY KEY (`id`)
) ENGINE=InnoDB DEFAULT CHARSET=latin1;

-- --------------------------------------------------------

--
-- Estructura de tabla para la tabla `matricula`
--

CREATE TABLE IF NOT EXISTS `matricula` (
  `num_ficha` int(11) NOT NULL DEFAULT '0',
  `id_apre` varchar(20) NOT NULL DEFAULT '',
  `estado` varchar(20) DEFAULT NULL,
  PRIMARY KEY (`num_ficha`,`id_apre`)
) ENGINE=InnoDB DEFAULT CHARSET=latin1;

--
-- Volcado de datos para la tabla `matricula`
--

INSERT INTO `matricula` (`num_ficha`, `id_apre`, `estado`) VALUES
(0, 'Aprendiz', 'estado'),
(191221, '1112108485', '1'),
(191221, '1112299156', '1'),
(191221, '1114060752', '2'),
(191221, '1116238466', '1'),
(191221, '1116243459', '1'),
(191221, '1116244788', '1'),
(191221, '1116245414', '1'),
(191221, '1116247439', '4'),
(191221, '1116251690', '1'),
(191221, '29307724', '1'),
(191221, '29760826', '1'),
(191221, '38791278', '1'),
(191221, '91050619864', '1'),
(191221, '94153916', '1'),
(340098, '1010093385', '1'),
(340098, '1111743952', '1'),
(340098, '1116232627', '4'),
(340098, '1116233973', '1'),
(340098, '1116237057', '1'),
(340098, '1116243676', '1'),
(340098, '1116246827', '1'),
(340098, '1116249703', '1'),
(340098, '14797420', '1'),
(340098, '29832709', '1'),
(340098, '31791166', '4'),
(340098, '31792237', '1'),
(340098, '38792453', '1'),
(340098, '38794399', '1'),
(340098, '6430366', '1'),
(340098, '66712783', '4'),
(340098, '92060565548', '1'),
(340098, '92110651688', '4'),
(340098, '92122262601', '4'),
(340098, '94395083', '1'),
(358216, '1112621675', '1'),
(358216, '1112621791', '4'),
(358216, '1112621792', '2'),
(358216, '1112622309', '1'),
(358216, '1112622805', '1'),
(358216, '1112622891', '4'),
(358216, '1112623039', '1'),
(358216, '1112624420', '1'),
(358216, '31097068', '2'),
(358216, '31943219', '1'),
(358216, '66750458', '1'),
(358216, '92032603310', '1'),
(358216, '92060971520', '1'),
(358216, '92072453885', '1'),
(358216, '92121961115', '3'),
(358216, '94276844', '2'),
(358216, '94448724', '1'),
(433853, '1116239816', '3'),
(433853, '1116242886', '2'),
(433853, '1116246127', '2'),
(433853, '1116246391', '4'),
(433853, '1116246730', '2'),
(433853, '1116248784', '1'),
(433853, '66714698', '1'),
(433853, '91121715738', '1'),
(433853, '94274387', '4');

-- --------------------------------------------------------

--
-- Estructura de tabla para la tabla `programa`
--

CREATE TABLE IF NOT EXISTS `programa` (
  `cod_prog` varchar(20) NOT NULL,
  `desc_prog` varchar(40) DEFAULT NULL,
  `estado` varchar(20) DEFAULT NULL,
  PRIMARY KEY (`cod_prog`)
) ENGINE=InnoDB DEFAULT CHARSET=latin1;

--
-- Volcado de datos para la tabla `programa`
--

INSERT INTO `programa` (`cod_prog`, `desc_prog`, `estado`) VALUES
('1', 'Tecnologo en Analisis y Desarrollo de Si', 'A'),
('2', 'Tecnologo en Diseño de Modas', 'A'),
('3', 'Tecnico en Sistemas ', 'A'),
('4', 'Tecnico en obra Blanca', 'A'),
('5', 'Tecnico en electricidad u Automarizacion', 'A');

-- --------------------------------------------------------

--
-- Estructura de tabla para la tabla `rh`
--

CREATE TABLE IF NOT EXISTS `rh` (
  `cod_rh` varchar(20) NOT NULL,
  `desc_rh` varchar(40) DEFAULT NULL,
  PRIMARY KEY (`cod_rh`)
) ENGINE=InnoDB DEFAULT CHARSET=latin1;

--
-- Volcado de datos para la tabla `rh`
--

INSERT INTO `rh` (`cod_rh`, `desc_rh`) VALUES
('1', 'RH O+'),
('2', 'RH O-'),
('3', 'RH A'),
('4', 'RH B'),
('5', 'RH AB');

-- --------------------------------------------------------

--
-- Estructura de tabla para la tabla `tipo_id`
--

CREATE TABLE IF NOT EXISTS `tipo_id` (
  `cod_tip_id` varchar(20) NOT NULL,
  `desc_tip_id` varchar(40) DEFAULT NULL,
  PRIMARY KEY (`cod_tip_id`)
) ENGINE=InnoDB DEFAULT CHARSET=latin1;

--
-- Volcado de datos para la tabla `tipo_id`
--

INSERT INTO `tipo_id` (`cod_tip_id`, `desc_tip_id`) VALUES
('1', 'TARJETA DE IDENTIDAD'),
('2', 'CEDULA DE CIUDADANIA'),
('3', 'REGISTRO CIVIL'),
('4', 'CEDULA DE EXTRANJERIA'),
('5', 'LIBRETA MILITAR');

-- --------------------------------------------------------

--
-- Estructura de tabla para la tabla `usuario`
--

CREATE TABLE IF NOT EXISTS `usuario` (
  `id` int(11) NOT NULL,
  `usuario` varchar(20) NOT NULL,
  `password` varchar(32) NOT NULL,
  `activado` tinyint(1) NOT NULL,
  PRIMARY KEY (`id`)
) ENGINE=InnoDB DEFAULT CHARSET=latin1;

-- --------------------------------------------------------

--
-- Estructura de tabla para la tabla `usuario_credencial`
--

CREATE TABLE IF NOT EXISTS `usuario_credencial` (
  `id` int(11) NOT NULL,
  `usuario_id` int(11) NOT NULL,
  `credencial_id` int(11) NOT NULL,
  PRIMARY KEY (`id`)
) ENGINE=InnoDB DEFAULT CHARSET=latin1;

--
-- Restricciones para tablas volcadas
--

--
-- Filtros para la tabla `aprendiz`
--
ALTER TABLE `aprendiz`
  ADD CONSTRAINT `aprendiz_ibfk_1` FOREIGN KEY (`cod_ciudad`) REFERENCES `ciudad` (`cod_ciudad`),
  ADD CONSTRAINT `aprendiz_ibfk_2` FOREIGN KEY (`cod_rh`) REFERENCES `rh` (`cod_rh`),
  ADD CONSTRAINT `aprendiz_ibfk_3` FOREIGN KEY (`cod_tipo_id`) REFERENCES `tipo_id` (`cod_tip_id`);

--
-- Filtros para la tabla `centro`
--
ALTER TABLE `centro`
  ADD CONSTRAINT `centro_ibfk_1` FOREIGN KEY (`cod_ciudad`) REFERENCES `ciudad` (`cod_ciudad`);

--
-- Filtros para la tabla `ciudad`
--
ALTER TABLE `ciudad`
  ADD CONSTRAINT `ciudad_ibfk_1` FOREIGN KEY (`cod_depto`) REFERENCES `depto` (`cod_depto`);

--
-- Filtros para la tabla `desercion`
--
ALTER TABLE `desercion`
  ADD CONSTRAINT `desercion_ibfk_1` FOREIGN KEY (`id_aprendiz`) REFERENCES `aprendiz` (`id_apre`),
  ADD CONSTRAINT `desercion_ibfk_2` FOREIGN KEY (`num_ficha`) REFERENCES `ficha` (`num_ficha`),
  ADD CONSTRAINT `desercion_ibfk_3` FOREIGN KEY (`cod_causa`) REFERENCES `causa_desercion` (`cod_causa`);

/*!40101 SET CHARACTER_SET_CLIENT=@OLD_CHARACTER_SET_CLIENT */;
/*!40101 SET CHARACTER_SET_RESULTS=@OLD_CHARACTER_SET_RESULTS */;
/*!40101 SET COLLATION_CONNECTION=@OLD_COLLATION_CONNECTION */;
